{"train_accuracy":1,"_timestamp":1.7682144578840218e+09,"_step":14999,"_wandb":{"runtime":42},"_runtime":42,"train_loss":0.06209811195731163}