{"_timestamp":1.768214069726338e+09,"_step":14999,"_wandb":{"runtime":39},"_runtime":39,"train_loss":0.02284647524356842,"train_accuracy":1}