{"train_loss":0.0047354744747281075,"train_accuracy":1,"_wandb":{"runtime":46},"_runtime":46,"_timestamp":1.768214737757637e+09,"_step":14999}