{"_runtime":105,"train_loss":0.022255685180425644,"train_accuracy":1,"_timestamp":1.7678929781643326e+09,"_step":9379,"_wandb":{"runtime":105}}
