{"_timestamp":1.7682138171417212e+09,"_step":14999,"_wandb":{"runtime":38},"_runtime":38,"train_loss":0.0010061056818813086,"train_accuracy":1}
