{"_runtime":81,"train_accuracy":0.9375,"_timestamp":1.7678921275619543e+09,"_step":9379,"train_loss":0.11059639602899551,"_wandb":{"runtime":81}}
