{"train_accuracy":1,"_runtime":45,"_wandb":{"runtime":45},"_timestamp":1.7682148549329712e+09,"_step":14999,"train_loss":0.020764468237757683}