{"_step":9379,"_wandb":{"runtime":109},"_runtime":109,"train_loss":0.024763640016317368,"train_accuracy":1,"_timestamp":1.7678923888434107e+09}