{"train_accuracy":1,"_timestamp":1.7682139579763744e+09,"_step":14999,"_wandb":{"runtime":38},"_runtime":38,"train_loss":0.003815327538177371}
